{"cameraMode":{"drawMode":0,"name":"Shaded","section":"Shading Mode"},"sceneLighting":true,"audioPlay":false,"sceneViewState":{"showFog":true,"showMaterialUpdate":false,"showSkybox":true,"showFlares":true,"showImageEffects":true,"showParticleSystems":true},"in2DMode":false,"pivot":{"x":-0.2766197919845581,"y":1.6194911003112794,"z":2.132430076599121},"rotation":{"x":0.4827124774456024,"y":-0.056412819772958758,"z":0.031178198754787446,"w":0.8734039664268494},"size":28.562780380249025,"orthographic":false}