{"cameraMode":{"drawMode":0,"name":"Shaded","section":"Shading Mode"},"sceneLighting":false,"audioPlay":false,"sceneViewState":{"showFog":true,"showMaterialUpdate":false,"showSkybox":false,"showFlares":true,"showImageEffects":true,"showParticleSystems":true},"in2DMode":false,"pivot":{"x":-0.8319929838180542,"y":0.07589280605316162,"z":-1.0671207904815674},"rotation":{"x":-0.0344071239233017,"y":0.962141752243042,"z":-0.22813226282596589,"w":-0.1451185792684555},"size":3.646923542022705,"orthographic":false}