{"cameraMode":{"drawMode":0,"name":"Shaded","section":"Shading Mode"},"sceneLighting":true,"audioPlay":false,"sceneViewState":{"showFog":true,"showMaterialUpdate":false,"showSkybox":true,"showFlares":true,"showImageEffects":true,"showParticleSystems":true},"in2DMode":false,"pivot":{"x":8.682353973388672,"y":1.8578555583953858,"z":-5.5611066818237309},"rotation":{"x":0.2864567041397095,"y":-0.18672460317611695,"z":0.05702456086874008,"w":0.9379904270172119},"size":13.749124526977539,"orthographic":false}