{"cameraMode":{"drawMode":0,"name":"Shaded","section":"Shading Mode"},"sceneLighting":true,"audioPlay":false,"sceneViewState":{"showFog":true,"showMaterialUpdate":false,"showSkybox":true,"showFlares":true,"showImageEffects":true,"showParticleSystems":true},"in2DMode":false,"pivot":{"x":0.06076383590698242,"y":3.097196102142334,"z":0.19771325588226319},"rotation":{"x":0.23481763899326325,"y":0.15091615915298463,"z":-0.036928869783878329,"w":0.9595481157302856},"size":9.724442481994629,"orthographic":false}