{"cameraMode":{"drawMode":0,"name":"Shaded","section":"Shading Mode"},"sceneLighting":true,"audioPlay":false,"sceneViewState":{"showFog":true,"showMaterialUpdate":false,"showSkybox":true,"showFlares":true,"showImageEffects":true,"showParticleSystems":true},"in2DMode":false,"pivot":{"x":0.020429357886314393,"y":0.3858301639556885,"z":-0.017330512404441835},"rotation":{"x":0.3322148323059082,"y":0.5873620510101318,"z":-0.2869951128959656,"w":0.6799076795578003},"size":3.88976788520813,"orthographic":true}