{"cameraMode":{"drawMode":0,"name":"Shaded","section":"Shading Mode"},"sceneLighting":false,"audioPlay":false,"sceneViewState":{"showFog":true,"showMaterialUpdate":false,"showSkybox":false,"showFlares":true,"showImageEffects":true,"showParticleSystems":true},"in2DMode":false,"pivot":{"x":-1.1920928955078126e-7,"y":1.9464664459228516,"z":-2.384185791015625e-7},"rotation":{"x":0.295840322971344,"y":0.6757358312606812,"z":-0.3440902531147003,"w":0.5809371471405029},"size":5.258988857269287,"orthographic":false}