{"cameraMode":{"drawMode":0,"name":"Shaded","section":"Shading Mode"},"sceneLighting":true,"audioPlay":false,"sceneViewState":{"showFog":true,"showMaterialUpdate":false,"showSkybox":true,"showFlares":true,"showImageEffects":true,"showParticleSystems":true},"in2DMode":false,"pivot":{"x":-0.902633011341095,"y":2.0,"z":-10.029170036315918},"rotation":{"x":0.05328205227851868,"y":-0.8485928773880005,"z":0.5191106200218201,"w":0.08711569756269455},"size":2.8705663681030275,"orthographic":false}