{"cameraMode":{"drawMode":0,"name":"Shaded","section":"Shading Mode"},"sceneLighting":true,"audioPlay":false,"sceneViewState":{"showFog":true,"showMaterialUpdate":false,"showSkybox":true,"showFlares":true,"showImageEffects":true,"showParticleSystems":true},"in2DMode":false,"pivot":{"x":664.6729736328125,"y":219.421875,"z":4.3125},"rotation":{"x":0.04138682410120964,"y":-0.0014984026784077287,"z":0.00006204623059602454,"w":0.9991501569747925},"size":594.25146484375,"orthographic":true}