{"cameraMode":{"drawMode":0,"name":"Shaded","section":"Shading Mode"},"sceneLighting":true,"audioPlay":false,"sceneViewState":{"showFog":true,"showMaterialUpdate":false,"showSkybox":true,"showFlares":true,"showImageEffects":true,"showParticleSystems":true},"in2DMode":false,"pivot":{"x":-0.30572509765625,"y":0.8316650390625,"z":1.22216796875},"rotation":{"x":0.1957928091287613,"y":0.13193708658218385,"z":-0.026602623984217645,"w":0.971376895904541},"size":2.522329807281494,"orthographic":true}