{"cameraMode":{"drawMode":0,"name":"Shaded","section":"Shading Mode"},"sceneLighting":true,"audioPlay":false,"sceneViewState":{"showFog":true,"showMaterialUpdate":false,"showSkybox":true,"showFlares":true,"showImageEffects":true,"showParticleSystems":true},"in2DMode":false,"pivot":{"x":3.3306117057800295,"y":-0.10584402084350586,"z":-0.9516457915306091},"rotation":{"x":0.295840322971344,"y":0.6757358312606812,"z":-0.3440902531147003,"w":0.5809371471405029},"size":7.708279132843018,"orthographic":false}