{"cameraMode":{"drawMode":0,"name":"Shaded","section":"Shading Mode"},"sceneLighting":false,"audioPlay":false,"sceneViewState":{"showFog":true,"showMaterialUpdate":false,"showSkybox":false,"showFlares":true,"showImageEffects":true,"showParticleSystems":true},"in2DMode":false,"pivot":{"x":-0.5238456726074219,"y":0.8858302235603333,"z":5.574851989746094},"rotation":{"x":0.23770329356193543,"y":0.25570204854011538,"z":-0.06501869857311249,"w":0.9348195791244507},"size":1.6668635606765748,"orthographic":true}