{"cameraMode":{"drawMode":0,"name":"Shaded","section":"Shading Mode"},"sceneLighting":false,"audioPlay":false,"sceneViewState":{"showFog":true,"showMaterialUpdate":false,"showSkybox":false,"showFlares":true,"showImageEffects":true,"showParticleSystems":true},"in2DMode":false,"pivot":{"x":0.1124219000339508,"y":1.0703251361846924,"z":0.02079099416732788},"rotation":{"x":-0.046017177402973178,"y":-0.8254099488258362,"z":0.5585319399833679,"w":-0.06800509244203568},"size":4.558252811431885,"orthographic":false}