{"cameraMode":{"drawMode":0,"name":"Shaded","section":"Shading Mode"},"sceneLighting":true,"audioPlay":false,"sceneViewState":{"showFog":true,"showMaterialUpdate":false,"showSkybox":true,"showFlares":true,"showImageEffects":true,"showParticleSystems":true},"in2DMode":false,"pivot":{"x":-6.159495830535889,"y":-1.5910565853118897,"z":-12.711008071899414},"rotation":{"x":0.10792122781276703,"y":-0.8371526598930359,"z":0.17870371043682099,"w":0.5055686235427856},"size":7.718469142913818,"orthographic":false}