{"cameraMode":{"drawMode":0,"name":"Shaded","section":"Shading Mode"},"sceneLighting":true,"audioPlay":false,"sceneViewState":{"showFog":true,"showMaterialUpdate":false,"showSkybox":true,"showFlares":true,"showImageEffects":true,"showParticleSystems":true},"in2DMode":false,"pivot":{"x":-0.03041362762451172,"y":1.4031766653060914,"z":-5.8984785079956059},"rotation":{"x":0.2787129580974579,"y":0.11061498522758484,"z":-0.03233640268445015,"w":0.953443706035614},"size":16.910249710083009,"orthographic":true}