{"cameraMode":{"drawMode":0,"name":"Shaded","section":"Shading Mode"},"sceneLighting":true,"audioPlay":false,"sceneViewState":{"showFog":true,"showMaterialUpdate":false,"showSkybox":true,"showFlares":true,"showImageEffects":true,"showParticleSystems":true},"in2DMode":false,"pivot":{"x":10.102765083312989,"y":-2.196213722229004,"z":8.925933837890625},"rotation":{"x":0.4468652904033661,"y":-0.060305405408144,"z":0.030209317803382875,"w":0.8920562863349915},"size":18.229793548583986,"orthographic":true}