{"cameraMode":{"drawMode":0,"name":"Shaded","section":"Shading Mode"},"sceneLighting":true,"audioPlay":false,"sceneViewState":{"showFog":true,"showMaterialUpdate":false,"showSkybox":true,"showFlares":true,"showImageEffects":true,"showParticleSystems":true},"in2DMode":false,"pivot":{"x":9.824289321899414,"y":-0.6492644548416138,"z":10.976178169250489},"rotation":{"x":0.6634345650672913,"y":-4.443809302756563e-7,"z":-6.226795790098549e-7,"w":0.7482365965843201},"size":12.427396774291993,"orthographic":true}