{"cameraMode":{"drawMode":0,"name":"Shaded","section":"Shading Mode"},"sceneLighting":true,"audioPlay":false,"sceneViewState":{"showFog":true,"showMaterialUpdate":false,"showSkybox":true,"showFlares":true,"showImageEffects":true,"showParticleSystems":true},"in2DMode":false,"pivot":{"x":915.2923583984375,"y":262.5362548828125,"z":0.0},"rotation":{"x":0.1957928091287613,"y":0.13193708658218385,"z":-0.026602623984217645,"w":0.971376895904541},"size":1291.083740234375,"orthographic":true}