{"cameraMode":{"drawMode":0,"name":"Shaded","section":"Shading Mode"},"sceneLighting":true,"audioPlay":false,"sceneViewState":{"showFog":true,"showMaterialUpdate":false,"showSkybox":true,"showFlares":true,"showImageEffects":true,"showParticleSystems":true},"in2DMode":false,"pivot":{"x":837.638671875,"y":518.1038208007813,"z":23.85894775390625},"rotation":{"x":0.04138682410120964,"y":-0.0014984026784077287,"z":0.00006204623059602454,"w":0.9991501569747925},"size":1125.5238037109375,"orthographic":true}